Disease_Name,Crop,Severity,Leaf_Color,Spot_Size,Spot_Pattern,Temperature,Humidity,Affected_Area_Percent,Disease_ID,Season
Healthy,Wheat,None,Green,None,None,20.0,60.0,0.0,3,Monsoon
Brown_Rust,Wheat,Medium,Light_Brown,Small,Pustules,18.656456362086022,71.34277486225295,26.67984846550837,4,Winter
Leaf_Mold,Tomato,High,Olive_Green,Medium,Fuzzy,25.454692509599326,90.59949779012989,49.59098263707798,9,Monsoon
Northern_Leaf_Blight,Corn,Severe,Gray,Large,Elongated,26.0,92.0,70.0,16,Monsoon
Mosaic_Virus,Tomato,Medium,Yellow_Green,None,Mosaic,26.32457741806884,74.5506105528206,36.36664721935712,13,Monsoon
Early_Blight,Tomato,Medium,Brown,Medium,Concentric,26.72576294120438,78.47249837518625,34.63714908485888,6,Monsoon
Leaf_Mold,Tomato,Medium,Yellow,Medium,Fuzzy,25.208160547932557,93.31301691749503,33.627274730411074,9,Monsoon
Leaf_Blast,Rice,High,Gray,Large,Diamond,24.57137321868653,95.45199856731729,47.5274953866716,1,Monsoon
Healthy,Rice,None,Dark_Green,None,None,27.0,70.0,0.0,3,Monsoon
Healthy,Wheat,None,Green,None,None,21.0,65.0,0.0,3,Monsoon
Cedar_Apple_Rust,Apple,Medium,Orange_Yellow,Small,Circular,23.124815476014582,75.17504740072124,27.10997207595242,19,Monsoon
Healthy,Corn,None,Green,None,None,26.0,70.0,0.0,3,Monsoon
Early_Blight,Tomato,Medium,Dark_Brown,Medium,Concentric,24.51569388516837,80.51283504824566,33.75514862018058,6,Monsoon
Late_Blight,Potato,High,Dark_Gray,Large,Irregular,17.25801431709879,89.52309746488996,66.15605811349502,7,Winter
Esca_Black_Measles,Grape,Severe,Brown_Black,Large,Irregular,32.06171280456294,76.24902831273535,65.27324071721469,20,Summer
Esca_Black_Measles,Grape,Severe,Brown_Black,Large,Irregular,30.16867550683373,81.85914371732736,67.04003068415747,20,Summer
Target_Spot,Tomato,Medium,Brown,Medium,Target,27.452723159851047,77.88801736727983,25.29342267016229,11,Monsoon
Neck_Blast,Rice,Severe,Black,Large,Irregular,24.0,90.0,60.0,2,Monsoon
Healthy,Wheat,None,Green,None,None,20.0,60.0,0.0,3,Monsoon
Early_Blight,Tomato,High,Brown,Large,Concentric,28.544751466632963,81.41615572679038,45.33600251266368,6,Summer
Healthy,Tomato,None,Green,None,None,25.0,70.0,0.0,3,Monsoon
Brown_Rust,Wheat,High,Brown_Orange,Small,Pustules,19.61420582422106,66.3255536673881,37.107908848160875,4,Winter
Northern_Leaf_Blight,Corn,High,Gray_Green,Large,Elongated,25.92466664501815,87.53401704100814,50.58120784481138,16,Monsoon
Bacterial_Spot,Tomato,High,Dark_Brown,Small,Circular,30.204090802969066,92.66886954833983,44.33671768048314,8,Summer
Target_Spot,Tomato,Medium,Brown,Medium,Target,25.610484093067505,80.96365482634796,25.670607628034485,11,Monsoon
Late_Blight,Tomato,Severe,Black,Large,Irregular,19.815438732843674,95.60774413212555,77.49449161177503,7,Winter
Late_Blight,Tomato,Severe,Gray_Black,Large,Irregular,19.440398159142585,95.69538815623416,73.38747558605007,7,Winter
Black_Rot,Grape,Severe,Black,Large,Circular,26.268932347587526,88.25188322988339,60.43502354825412,18,Monsoon
Bacterial_Spot,Tomato,High,Dark_Brown,Small,Circular,30.707628179551385,88.73296521230066,40.577485871712625,8,Summer
Healthy,Rice,None,Green,None,None,28.0,75.0,0.0,3,Monsoon
Healthy,Tomato,None,Dark_Green,None,None,26.0,68.0,0.0,3,Monsoon
Mosaic_Virus,Tomato,Medium,Yellow_Green,None,Mosaic,28.48347386072785,79.37674772586035,39.7208650655751,13,Summer
Healthy,Grape,None,Dark_Green,None,None,25.0,68.0,0.0,3,Monsoon
Esca_Black_Measles,Grape,Severe,Brown_Black,Large,Irregular,31.3625261465183,77.01420235178999,66.2330869434343,20,Summer
Healthy,Tomato,None,Green,None,None,25.0,70.0,0.0,3,Monsoon
Healthy,Rice,None,Dark_Green,None,None,27.0,70.0,0.0,3,Monsoon
Brown_Spot,Rice,Medium,Brown,Small,Circular,27.927332207914468,84.4589344793182,27.504742604291124,0,Monsoon
Healthy,Rice,None,Green,None,None,28.0,75.0,0.0,3,Monsoon
Brown_Spot,Rice,Medium,Brown,Small,Circular,29.0,88.0,30.0,0,Summer
Healthy,Grape,None,Dark_Green,None,None,25.0,68.0,0.0,3,Monsoon
Leaf_Blight,Grape,Medium,Brown,Medium,Irregular,25.88669717123406,82.12464071669191,38.40958965580991,21,Monsoon
Black_Rot,Grape,Severe,Black,Large,Circular,26.30130256365476,89.1998267983197,64.49633786774089,18,Monsoon
Early_Blight,Tomato,Medium,Dark_Brown,Medium,Concentric,26.0,80.0,35.0,6,Monsoon
Target_Spot,Tomato,Medium,Brown,Medium,Target,28.025520156869117,81.07639380989578,26.844843215953784,11,Summer
Common_Rust,Corn,Medium,Brown,Small,Pustules,22.0,75.0,35.0,15,Monsoon
Brown_Rust,Wheat,High,Orange,Small,Pustules,22.344847189526753,76.4227528434003,45.02610154090433,4,Monsoon
Late_Blight,Tomato,Severe,Black,Large,Irregular,19.244199383620153,96.60250957513013,71.03140689049167,7,Winter
Yellow_Leaf_Curl_Virus,Tomato,High,Yellow,None,Curled,32.232989037247116,73.9508586284739,47.99657331523316,12,Summer
Neck_Blast,Rice,Severe,Dark_Gray,Large,Irregular,26.10909114318481,94.06072600877613,65.43830142309731,2,Monsoon
Healthy,Grape,None,Dark_Green,None,None,25.0,68.0,0.0,3,Monsoon
Healthy,Tomato,None,Green,None,None,25.0,70.0,0.0,3,Monsoon
Leaf_Blight,Grape,Medium,Brown,Medium,Irregular,25.628854024561846,79.58604153367699,37.71951933805372,21,Monsoon
Esca_Black_Measles,Grape,Severe,Brown_Black,Large,Irregular,32.0,78.0,65.0,20,Summer
Leaf_Blast,Rice,High,Gray,Large,Diamond,24.62959906015983,95.37467050952702,52.21111808772254,1,Monsoon
Common_Rust,Corn,High,Orange_Brown,Medium,Pustules,23.974510647671067,76.07723568865686,54.62980467369863,15,Monsoon
Healthy,Apple,None,Dark_Green,None,None,21.0,68.0,0.0,3,Monsoon
Brown_Rust,Wheat,High,Orange,Small,Pustules,21.831013458943332,72.89532857438087,45.61724993842808,4,Monsoon
Northern_Leaf_Blight,Corn,High,Gray_Green,Large,Elongated,24.106826390369587,92.92683702579276,56.69654202876359,16,Monsoon
Early_Blight,Tomato,Medium,Brown,Medium,Concentric,24.482169280589652,82.34340248049767,27.62776873302128,6,Monsoon
Healthy,Rice,None,Dark_Green,None,None,27.0,70.0,0.0,3,Monsoon
Leaf_Blast,Rice,High,White_Gray,Large,Diamond,26.895070178557358,97.47518654340912,59.59837073984439,1,Monsoon
Healthy,Rice,None,Dark_Green,None,None,27.0,70.0,0.0,3,Monsoon
Healthy,Potato,None,Dark_Green,None,None,21.0,72.0,0.0,3,Monsoon
Brown_Spot,Rice,Medium,Brown,Small,Circular,27.859622587982713,89.28952790343492,26.77509893477725,0,Monsoon
Healthy,Rice,None,Green,None,None,28.0,75.0,0.0,3,Monsoon
Esca_Black_Measles,Grape,High,Yellow_Brown,Large,Irregular,29.821484875051244,72.08518590093381,51.520522473488874,20,Summer
Healthy,Apple,None,Green,None,None,20.0,65.0,0.0,3,Monsoon
Yellow_Rust,Wheat,Medium,Yellow,Small,Stripes,16.576080327982726,73.4417062463701,38.28307381292411,5,Winter
Mosaic_Virus,Tomato,Medium,Yellow_Green,None,Mosaic,27.140428486807888,77.70192301759711,44.601667093643435,13,Monsoon
Healthy,Grape,None,Green,None,None,26.0,70.0,0.0,3,Monsoon
Septoria_Leaf_Spot,Tomato,Medium,Brown,Small,Circular,26.462502710736437,80.20160591010672,39.17344330620201,10,Monsoon
Late_Blight,Tomato,Severe,Gray_Black,Large,Irregular,18.992426208185215,96.60088932235892,73.93032716283781,7,Winter
Brown_Spot,Rice,Medium,Brown,Small,Circular,27.256793092801637,88.3350839118674,28.14667794495419,0,Monsoon
Healthy,Rice,None,Green,None,None,28.0,75.0,0.0,3,Monsoon
Leaf_Blight,Grape,High,Dark_Brown,Large,Irregular,27.79669404626275,84.7902359114661,53.888803216054626,21,Monsoon
Healthy,Grape,None,Green,None,None,26.0,70.0,0.0,3,Monsoon
Late_Blight,Potato,High,Dark_Gray,Large,Irregular,18.938870196757982,85.84369742003675,60.58594840168209,7,Winter
Late_Blight,Tomato,Severe,Black,Large,Irregular,21.00849141367617,92.71391858610427,76.75335567179957,7,Monsoon
Cedar_Apple_Rust,Apple,Medium,Orange,Medium,Circular,23.99079008894483,80.76539046905546,37.23520169060904,19,Monsoon
Healthy,Rice,None,Dark_Green,None,None,27.0,70.0,0.0,3,Monsoon
Yellow_Rust,Wheat,High,Bright_Yellow,Small,Stripes,16.000108245151225,80.9784118275928,50.62969758258639,5,Winter
Healthy,Corn,None,Green,None,None,26.0,70.0,0.0,3,Monsoon
Early_Blight,Tomato,Medium,Brown,Medium,Concentric,25.14086040389678,78.41382525562238,26.642127568261444,6,Monsoon
Healthy,Grape,None,Green,None,None,26.0,70.0,0.0,3,Monsoon
Late_Blight,Potato,Severe,Gray_Black,Large,Irregular,21.334975277139336,90.36165837960394,77.86650576797612,7,Monsoon
Esca_Black_Measles,Grape,Severe,Brown_Black,Large,Irregular,33.963033598447176,75.81562981632037,62.94929528104642,20,Summer
Early_Blight,Tomato,Medium,Brown,Medium,Concentric,24.427322415730732,80.87003605592155,31.669243388362908,6,Monsoon
Brown_Spot,Rice,Medium,Brown,Small,Circular,27.275977115127098,89.57499292576608,25.55907621765103,0,Monsoon
Healthy,Corn,None,Dark_Green,None,None,25.0,68.0,0.0,3,Monsoon
Esca_Black_Measles,Grape,Severe,Brown_Black,Large,Irregular,30.87037680643017,74.55980561265864,63.68920352797616,20,Summer
Late_Blight,Tomato,Severe,Black,Large,Irregular,18.493726211476364,89.84625929523428,71.29471325618789,7,Winter
Healthy,Rice,None,Dark_Green,None,None,27.0,70.0,0.0,3,Monsoon
Cedar_Apple_Rust,Apple,Medium,Orange,Medium,Circular,23.713480871320264,76.6230653087305,35.37366330682009,19,Monsoon
Late_Blight,Potato,Severe,Gray_Black,Large,Irregular,19.031339602729307,99.18034934033936,75.35392366819543,7,Winter
Early_Blight,Potato,Medium,Brown,Medium,Concentric,24.220523919179936,75.57605890506136,30.467374648808917,6,Monsoon
Brown_Rust,Wheat,High,Orange,Small,Pustules,23.345252441769087,75.82005991153855,41.00957644421557,4,Monsoon
Healthy,Tomato,None,Green,None,None,25.0,70.0,0.0,3,Monsoon
Brown_Rust,Wheat,High,Orange,Small,Pustules,22.39892825853798,78.95468869039198,43.44616854581991,4,Monsoon
Yellow_Rust,Wheat,Medium,Yellow,Small,Stripes,17.0,78.0,35.0,5,Winter
Healthy,Wheat,None,Green,None,None,21.0,65.0,0.0,3,Monsoon
Late_Blight,Tomato,High,Dark_Gray,Large,Irregular,19.0,90.0,60.0,7,Winter
Healthy,Apple,None,Green,None,None,20.0,65.0,0.0,3,Monsoon
Late_Blight,Potato,Severe,Gray_Black,Large,Irregular,19.82700076166012,99.2725931225319,76.86177892369794,7,Winter
Healthy,Rice,None,Green,None,None,28.0,75.0,0.0,3,Monsoon
Healthy,Corn,None,Green,None,None,26.0,70.0,0.0,3,Monsoon
Apple_Scab,Apple,High,Dark_Brown,Large,Irregular,20.281136614791556,86.81029468087988,56.51728910495806,17,Monsoon
Septoria_Leaf_Spot,Tomato,Medium,Brown,Small,Circular,27.371599170005886,78.41853853321344,32.44113744294407,10,Monsoon
Early_Blight,Tomato,Medium,Dark_Brown,Medium,Concentric,27.71853323763026,83.09481980485839,35.96534082200365,6,Monsoon
Healthy,Corn,None,Dark_Green,None,None,25.0,68.0,0.0,3,Monsoon
Common_Rust,Corn,Medium,Brown,Small,Pustules,23.178816550740777,76.53178571221828,36.892166666222934,15,Monsoon
Black_Rot,Grape,Severe,Black,Large,Circular,26.803791475590312,86.23366022807717,60.325485785591304,18,Monsoon
Healthy,Rice,None,Green,None,None,28.0,75.0,0.0,3,Monsoon
Target_Spot,Tomato,Medium,Brown,Medium,Target,26.293436570086662,79.54081153233089,33.17109364615331,11,Monsoon
Leaf_Blight,Grape,Medium,Brown,Medium,Irregular,25.718909770564693,76.95796667138666,39.953887244971234,21,Monsoon
Yellow_Leaf_Curl_Virus,Tomato,High,Yellow,None,Curled,30.2363491754152,65.57681690554888,45.30225503120994,12,Summer
Neck_Blast,Rice,Severe,Dark_Gray,Large,Irregular,26.873715646744024,93.13433942041159,60.914364348286696,2,Monsoon
Bacterial_Spot,Tomato,High,Dark_Brown,Small,Circular,31.815266316987888,85.29888583671193,41.26822653676369,8,Summer
Neck_Blast,Rice,Severe,Black,Large,Irregular,24.350004958312574,93.84143801451752,61.13605432574909,2,Monsoon
Healthy,Corn,None,Dark_Green,None,None,25.0,68.0,0.0,3,Monsoon
Neck_Blast,Rice,Severe,Black,Large,Irregular,23.875008789219414,87.53244151337708,61.554723529931,2,Monsoon
Brown_Spot,Rice,Medium,Brown,Small,Circular,28.634615504377297,86.72119212092335,30.966998535779485,0,Summer
Yellow_Rust,Wheat,High,Bright_Yellow,Small,Stripes,15.795379950773523,87.75353627508676,50.69946991579563,5,Winter
Cedar_Apple_Rust,Apple,Medium,Orange,Medium,Circular,23.0,78.0,35.0,19,Monsoon
Cedar_Apple_Rust,Apple,Medium,Orange_Yellow,Small,Circular,23.61930021966094,71.50988246332932,32.77519611944769,19,Monsoon
Late_Blight,Tomato,Severe,Black,Large,Irregular,19.659948040500726,91.27890308140813,70.42584460825918,7,Winter
Healthy,Rice,None,Dark_Green,None,None,27.0,70.0,0.0,3,Monsoon
Leaf_Blight,Grape,Medium,Brown,Medium,Irregular,23.540824299389065,82.73539579618534,35.843159699034764,21,Monsoon
Brown_Rust,Wheat,Medium,Light_Brown,Small,Pustules,18.403263995101494,63.55249858188651,34.194072803179296,4,Winter
Healthy,Potato,None,Green,None,None,22.0,70.0,0.0,3,Monsoon
Cercospora_Leaf_Spot,Corn,High,Gray_Brown,Medium,Circular,29.0,88.0,45.0,14,Summer
Leaf_Blast,Rice,High,Gray,Large,Diamond,26.604226360873998,91.22335792220817,54.64807669070617,1,Monsoon
Brown_Spot,Rice,Medium,Brown,Small,Circular,28.0,85.0,25.0,0,Monsoon
Healthy,Grape,None,Dark_Green,None,None,25.0,68.0,0.0,3,Monsoon
Yellow_Rust,Wheat,Medium,Yellow,Small,Stripes,15.265858613358887,81.70193897803001,36.79276248129154,5,Winter
Early_Blight,Potato,High,Dark_Brown,Large,Concentric,27.706932419358033,80.91777619943139,45.910911866197175,6,Monsoon
Healthy,Corn,None,Dark_Green,None,None,25.0,68.0,0.0,3,Monsoon
Brown_Spot,Rice,High,Dark_Brown,Medium,Circular,30.173647185949463,90.63553839434044,40.08561660859905,0,Summer
Northern_Leaf_Blight,Corn,High,Gray_Green,Large,Elongated,25.51255647816757,90.86038820243719,53.986581310986416,16,Monsoon
Leaf_Mold,Tomato,High,Olive_Green,Medium,Fuzzy,25.583291777717942,99.8752597358202,46.5612957130801,9,Monsoon
Brown_Rust,Wheat,High,Brown_Orange,Small,Pustules,20.0,70.0,40.0,4,Monsoon
Black_Rot,Apple,Severe,Black,Large,Circular,26.52587660457357,85.78064709690032,63.54850941838839,18,Monsoon
Healthy,Potato,None,Dark_Green,None,None,21.0,72.0,0.0,3,Monsoon
Brown_Spot,Rice,High,Dark_Brown,Medium,Circular,30.197006476750467,91.05608040276655,43.549345155928236,0,Summer
Early_Blight,Tomato,High,Brown,Large,Concentric,27.834964697166534,84.76848816908333,51.60092978853093,6,Monsoon
Healthy,Apple,None,Dark_Green,None,None,21.0,68.0,0.0,3,Monsoon
Yellow_Rust,Wheat,Medium,Yellow,Small,Stripes,18.298958440045713,75.70505578043766,30.071294652163047,5,Winter
Black_Rot,Grape,Severe,Black,Large,Circular,29.170717579269724,92.37776541355028,56.63476186844201,18,Summer
Leaf_Mold,Tomato,High,Olive_Green,Medium,Fuzzy,25.374874113422628,95.50662243918919,41.18249692112774,9,Monsoon
Late_Blight,Tomato,High,Dark_Gray,Large,Irregular,18.608585904172248,89.69330870948586,62.11850780948081,7,Winter
Late_Blight,Tomato,Severe,Gray_Black,Large,Irregular,19.283483733713148,96.4647530223014,70.53921419070622,7,Winter
Black_Rot,Grape,Severe,Black,Large,Circular,29.48028308579571,87.15589256219009,62.497599651530564,18,Summer
Cercospora_Leaf_Spot,Corn,Medium,Gray,Small,Circular,26.040976878798734,86.36283989118354,28.597419170316527,14,Monsoon
Leaf_Blast,Rice,Medium,Gray,Medium,Diamond,27.531958883273894,84.49958771122036,32.42110059899462,1,Monsoon
Late_Blight,Potato,Severe,Gray_Black,Large,Irregular,20.31973327433917,95.03758268683555,82.35861697589874,7,Monsoon
Leaf_Blast,Rice,Medium,Gray,Medium,Diamond,27.0,88.0,35.0,1,Monsoon
Brown_Rust,Wheat,High,Brown_Orange,Small,Pustules,21.34916548460905,71.59367308346373,41.273718827278046,4,Monsoon
Leaf_Mold,Tomato,Medium,Yellow,Medium,Fuzzy,24.05020675961938,92.3368900164254,34.25837558861527,9,Monsoon
Brown_Rust,Wheat,High,Orange,Small,Pustules,23.854642517334536,76.9176834249858,42.73520187947447,4,Monsoon
Leaf_Mold,Tomato,High,Olive_Green,Medium,Fuzzy,25.339700228729996,95.79403445172525,43.140760466826585,9,Monsoon
Healthy,Grape,None,Dark_Green,None,None,25.0,68.0,0.0,3,Monsoon
Apple_Scab,Apple,High,Dark_Brown,Large,Irregular,20.0,90.0,55.0,17,Monsoon
Northern_Leaf_Blight,Corn,High,Gray_Green,Large,Elongated,25.2443804422745,88.80009255640041,52.26657997213289,16,Monsoon
Late_Blight,Tomato,Severe,Gray_Black,Large,Irregular,17.88621896242031,92.3185405793677,73.78111828070185,7,Winter
Healthy,Potato,None,Green,None,None,22.0,70.0,0.0,3,Monsoon
Early_Blight,Tomato,Medium,Brown,Medium,Concentric,26.505304538638104,81.3116128461229,31.1583666132289,6,Monsoon
Healthy,Potato,None,Dark_Green,None,None,21.0,72.0,0.0,3,Monsoon
Healthy,Corn,None,Green,None,None,26.0,70.0,0.0,3,Monsoon
Healthy,Corn,None,Dark_Green,None,None,25.0,68.0,0.0,3,Monsoon
Neck_Blast,Rice,Severe,Dark_Gray,Large,Irregular,25.161741165227365,92.01295153253922,61.592934576474775,2,Monsoon
Cedar_Apple_Rust,Apple,Medium,Orange,Medium,Circular,21.98777011081103,75.02873116885519,33.50562152629966,19,Monsoon
Septoria_Leaf_Spot,Tomato,Medium,Brown,Small,Circular,25.005528206355756,83.72538260143253,39.35479309721839,10,Monsoon
Cercospora_Leaf_Spot,Corn,Medium,Gray,Small,Circular,29.927006729813456,82.04509000976566,31.570211193175883,14,Summer
Leaf_Blight,Grape,Medium,Brown,Medium,Irregular,24.780581804105076,82.23708386050473,39.33659043986881,21,Monsoon
Healthy,Potato,None,Green,None,None,22.0,70.0,0.0,3,Monsoon
Healthy,Wheat,None,Green,None,None,20.0,60.0,0.0,3,Monsoon
Yellow_Rust,Wheat,High,Yellow,Small,Stripes,16.81719154281741,82.53366060721096,47.73493293943805,5,Winter
Healthy,Corn,None,Dark_Green,None,None,25.0,68.0,0.0,3,Monsoon
Late_Blight,Potato,Severe,Black,Large,Irregular,16.332875150519953,92.5472823265202,66.38172139166228,7,Winter
Cercospora_Leaf_Spot,Corn,Medium,Gray,Small,Circular,26.097952120160475,88.26907198021097,33.45979322149595,14,Monsoon
Healthy,Grape,None,Dark_Green,None,None,25.0,68.0,0.0,3,Monsoon
Healthy,Potato,None,Green,None,None,22.0,70.0,0.0,3,Monsoon
Northern_Leaf_Blight,Corn,Severe,Gray,Large,Elongated,25.350010650298316,90.43464047211641,68.7546534210273,16,Monsoon
Late_Blight,Potato,High,Dark_Gray,Large,Irregular,19.0,90.0,65.0,7,Winter
Esca_Black_Measles,Grape,High,Yellow_Brown,Large,Irregular,30.952954695964568,73.47002319013984,54.9985428797901,20,Summer
Healthy,Corn,None,Green,None,None,26.0,70.0,0.0,3,Monsoon
Brown_Rust,Wheat,Medium,Light_Brown,Small,Pustules,19.121108128994656,65.47985602950051,34.551811529949084,4,Winter
Yellow_Rust,Wheat,Medium,Yellow,Small,Stripes,17.698036337387826,80.71989932233843,38.5865798035573,5,Winter
Early_Blight,Potato,Medium,Brown,Medium,Concentric,24.851130269145305,84.38896583127487,34.69988307043378,6,Monsoon
Brown_Spot,Rice,Medium,Brown,Small,Circular,29.901318571339687,90.13834261580692,25.036412483764074,0,Summer
Healthy,Apple,None,Green,None,None,20.0,65.0,0.0,3,Monsoon
Brown_Spot,Rice,High,Dark_Brown,Medium,Circular,28.127689208813585,89.18562220439908,47.66289561302373,0,Summer
Early_Blight,Tomato,High,Brown,Large,Concentric,26.150906804532134,85.07490057601254,50.5881822464485,6,Monsoon
Leaf_Blight,Grape,Medium,Brown,Medium,Irregular,23.502051542909626,76.49116494015873,33.30952223237851,21,Monsoon
Neck_Blast,Rice,Severe,Black,Large,Irregular,23.559193415160323,91.74479011054541,64.45915348582601,2,Monsoon
Mosaic_Virus,Tomato,Medium,Yellow_Green,None,Mosaic,29.687900544308377,76.20560719582735,38.638435605332575,13,Summer
Early_Blight,Potato,Medium,Brown,Medium,Concentric,24.095656043222007,76.7394519655024,34.42353986092544,6,Monsoon
Black_Rot,Apple,Severe,Black,Large,Circular,26.608495869912257,80.68916908426334,66.08334215983781,18,Monsoon
Healthy,Tomato,None,Dark_Green,None,None,26.0,68.0,0.0,3,Monsoon
Healthy,Tomato,None,Green,None,None,25.0,70.0,0.0,3,Monsoon
Leaf_Blast,Rice,Medium,Gray,Medium,Diamond,25.592632308812668,85.15060566232687,37.23439214487851,1,Monsoon
Leaf_Mold,Tomato,Medium,Yellow,Medium,Fuzzy,23.690339655716826,94.05252271752435,27.129328124473354,9,Monsoon
Brown_Spot,Rice,High,Dark_Brown,Medium,Circular,29.56740619805845,90.42356559595673,40.66132922987339,0,Summer
Healthy,Apple,None,Dark_Green,None,None,21.0,68.0,0.0,3,Monsoon
Early_Blight,Potato,High,Dark_Brown,Large,Concentric,24.432548595768242,83.0579226774291,48.43158207092659,6,Monsoon
Yellow_Leaf_Curl_Virus,Tomato,High,Yellow,None,Curled,31.080273278027228,67.32909657657672,54.38818535335706,12,Summer
Leaf_Blast,Rice,High,White_Gray,Large,Diamond,25.57345708927344,91.28398019269265,58.32030305773089,1,Monsoon
Common_Rust,Corn,High,Orange_Brown,Medium,Pustules,24.0,80.0,50.0,15,Monsoon
Common_Rust,Corn,High,Orange_Brown,Medium,Pustules,22.004867002251324,80.76089743033108,49.047126082741975,15,Monsoon
Healthy,Corn,None,Green,None,None,26.0,70.0,0.0,3,Monsoon
Apple_Scab,Apple,High,Dark_Brown,Large,Irregular,21.216015212315526,88.75221499378817,55.88888001450871,17,Monsoon
Healthy,Corn,None,Dark_Green,None,None,25.0,68.0,0.0,3,Monsoon
Healthy,Wheat,None,Green,None,None,21.0,65.0,0.0,3,Monsoon
Yellow_Rust,Wheat,High,Yellow,Small,Stripes,15.689266080356829,84.25688871718859,53.89648658037049,5,Winter
Northern_Leaf_Blight,Corn,High,Gray_Green,Large,Elongated,26.158483822057057,88.69741072365862,58.706955508829374,16,Monsoon
Early_Blight,Potato,High,Dark_Brown,Large,Concentric,24.18866254671575,83.41617139261106,47.81241791672761,6,Monsoon
Northern_Leaf_Blight,Corn,Severe,Gray,Large,Elongated,27.484919509861406,92.66591250754297,65.42577037600785,16,Monsoon
Early_Blight,Tomato,High,Brown,Large,Concentric,29.93142401212947,87.49069587564345,51.35144481509644,6,Summer
Leaf_Blast,Rice,High,Gray,Large,Diamond,27.027499702098602,90.62726225913184,46.57274631802125,1,Monsoon
Brown_Rust,Wheat,Medium,Light_Brown,Small,Pustules,17.03175524479346,66.00901096991453,33.23066486188341,4,Winter
Leaf_Mold,Tomato,High,Olive_Green,Medium,Fuzzy,25.624288658540895,97.83067091672783,48.55076870078974,9,Monsoon
Early_Blight,Tomato,High,Brown,Large,Concentric,27.704912096774436,85.15319379642989,53.56886537244473,6,Monsoon
Healthy,Tomato,None,Green,None,None,25.0,70.0,0.0,3,Monsoon
Cercospora_Leaf_Spot,Corn,Medium,Gray,Small,Circular,29.15163257762182,87.36453935122401,32.05241184864901,14,Summer
Neck_Blast,Rice,Severe,Black,Large,Irregular,22.160023549830168,89.58251567374829,60.880948507508606,2,Monsoon
Black_Rot,Grape,High,Brown,Medium,Circular,26.26747073046442,80.29672344020109,45.55692577019484,18,Monsoon
Bacterial_Spot,Tomato,Medium,Brown_Yellow,Small,Circular,28.54091179055953,89.49393522796734,29.85638056444664,8,Summer
Brown_Spot,Rice,High,Dark_Brown,Medium,Circular,31.36823038408607,94.64351854214907,45.78465819604463,0,Summer
Brown_Spot,Rice,High,Dark_Brown,Medium,Circular,31.102112347904573,94.17790456586428,45.96394414593687,0,Summer
Yellow_Leaf_Curl_Virus,Tomato,High,Yellow,None,Curled,33.56077678832931,66.16319799674518,45.99199546886048,12,Summer
Neck_Blast,Rice,Severe,Dark_Gray,Large,Irregular,24.41068543799152,92.70269546864026,69.82866756940368,2,Monsoon
Late_Blight,Potato,High,Dark_Gray,Large,Irregular,17.16640902724362,88.09741997724532,69.32718059934727,7,Winter
Black_Rot,Grape,High,Brown,Medium,Circular,26.978130028359985,81.8179487897945,40.75206266329453,18,Monsoon
Late_Blight,Potato,Severe,Black,Large,Irregular,17.929117392411076,91.96988434277323,66.84592968644301,7,Winter
Black_Rot,Grape,High,Brown,Medium,Circular,25.264870678910448,89.16429974273906,49.51435371045185,18,Monsoon
Late_Blight,Tomato,Severe,Gray_Black,Large,Irregular,18.0,95.0,70.0,7,Winter
Black_Rot,Apple,High,Brown,Large,Circular,22.02674795075446,79.35241546989353,49.9220044467052,18,Monsoon
Healthy,Potato,None,Green,None,None,22.0,70.0,0.0,3,Monsoon
Healthy,Apple,None,Dark_Green,None,None,21.0,68.0,0.0,3,Monsoon
Leaf_Mold,Tomato,High,Olive_Green,Medium,Fuzzy,23.80529837265626,99.124728646919,45.73775805461671,9,Monsoon
Brown_Rust,Wheat,High,Brown_Orange,Small,Pustules,20.95936816536516,66.60096771107105,44.01854624429861,4,Monsoon
Early_Blight,Tomato,Medium,Brown,Medium,Concentric,25.0,78.0,30.0,6,Monsoon
Early_Blight,Potato,Medium,Brown,Medium,Concentric,22.78399394178567,81.09334882838051,30.533300159536857,6,Monsoon
Healthy,Corn,None,Dark_Green,None,None,25.0,68.0,0.0,3,Monsoon
Brown_Rust,Wheat,High,Brown_Orange,Small,Pustules,19.208611548010637,71.87967374162675,42.19372257337956,4,Winter
Brown_Spot,Rice,High,Dark_Brown,Medium,Circular,29.086774675373704,91.45565684656452,47.97136121248476,0,Summer
Early_Blight,Potato,Medium,Brown,Medium,Concentric,22.586431652582004,80.84425559769952,38.15628443819881,6,Monsoon
Healthy,Tomato,None,Dark_Green,None,None,26.0,68.0,0.0,3,Monsoon
Northern_Leaf_Blight,Corn,High,Gray_Green,Large,Elongated,25.0,90.0,55.0,16,Monsoon
Northern_Leaf_Blight,Corn,High,Gray_Green,Large,Elongated,25.04278235400627,85.38524027608541,52.02419495439545,16,Monsoon
Brown_Spot,Rice,Medium,Brown,Small,Circular,26.15817753225937,80.041568430585,23.671575132752952,0,Monsoon
Brown_Rust,Wheat,Medium,Light_Brown,Small,Pustules,19.280845637455002,71.17373271816535,30.425274341932006,4,Winter
Leaf_Blast,Rice,High,White_Gray,Large,Diamond,25.835280890140243,97.67799643846674,59.51210029483629,1,Monsoon
Bacterial_Spot,Tomato,Medium,Brown_Yellow,Small,Circular,27.642234145558383,84.7022886905604,26.311681816863032,8,Monsoon
Black_Rot,Grape,Severe,Black,Large,Circular,27.501448569637223,87.64838824423605,60.56905855026434,18,Monsoon
Healthy,Potato,None,Dark_Green,None,None,21.0,72.0,0.0,3,Monsoon
Healthy,Potato,None,Green,None,None,22.0,70.0,0.0,3,Monsoon
Brown_Spot,Rice,High,Dark_Brown,Medium,Circular,30.0,90.0,45.0,0,Summer
Leaf_Blast,Rice,Medium,Gray,Medium,Diamond,26.817736762405097,91.3546888576372,35.44654893986227,1,Monsoon
Leaf_Blight,Grape,High,Dark_Brown,Large,Irregular,26.88283337064209,83.91295864310592,54.29985879908977,21,Monsoon
Apple_Scab,Apple,High,Dark_Brown,Large,Irregular,19.280778339615214,85.33176378934813,55.9004846113828,17,Winter
Brown_Spot,Rice,Medium,Brown,Small,Circular,28.469416261238532,81.99460161095723,28.90739586514217,0,Summer
Healthy,Tomato,None,Dark_Green,None,None,26.0,68.0,0.0,3,Monsoon
Late_Blight,Potato,Severe,Gray_Black,Large,Irregular,20.31136210504663,90.49698142751666,80.52450296425981,7,Monsoon
Bacterial_Spot,Tomato,Medium,Brown_Yellow,Small,Circular,28.0058530586586,87.51875236465149,23.784687986307567,8,Summer
Brown_Spot,Rice,High,Dark_Brown,Medium,Circular,28.20085664210027,92.63339478388158,44.84721453631306,0,Summer
Target_Spot,Tomato,Medium,Brown,Medium,Target,25.676939026607386,83.78389354368011,31.036160556860633,11,Monsoon
Leaf_Blast,Rice,Medium,Gray,Medium,Diamond,27.33369533145581,89.3804373123466,36.703151676380614,1,Monsoon
Bacterial_Spot,Tomato,High,Dark_Brown,Small,Circular,31.99229518175477,86.88728689078498,40.900843467030896,8,Summer
Leaf_Blast,Rice,High,White_Gray,Large,Diamond,26.7282686007908,92.11900872165413,56.537961310899895,1,Monsoon
Healthy,Wheat,None,Green,None,None,21.0,65.0,0.0,3,Monsoon
Leaf_Mold,Tomato,Medium,Yellow,Medium,Fuzzy,23.630822576508216,92.84194232472436,31.32809055082128,9,Monsoon
Leaf_Blight,Grape,Medium,Brown,Medium,Irregular,26.310002713465966,82.6166555828843,34.623416575199,21,Monsoon
Early_Blight,Tomato,High,Brown,Large,Concentric,28.05331735441879,82.43195905428121,49.64891925806639,6,Summer
Black_Rot,Apple,Severe,Black,Large,Circular,26.378388889924004,80.4763788055795,65.5622161119714,18,Monsoon
Late_Blight,Potato,Severe,Black,Large,Irregular,18.0,92.0,70.0,7,Winter
Late_Blight,Tomato,Severe,Gray_Black,Large,Irregular,18.202781096043047,98.6426273097748,66.19127845581924,7,Winter
Cedar_Apple_Rust,Apple,Medium,Orange_Yellow,Small,Circular,22.0,75.0,30.0,19,Monsoon
Leaf_Blight,Grape,High,Dark_Brown,Large,Irregular,28.709646056737043,80.80215379647625,45.78200854314643,21,Summer
Neck_Blast,Rice,Severe,Dark_Gray,Large,Irregular,25.141537304386723,92.31445023869755,62.54220624925128,2,Monsoon
Black_Rot,Grape,Severe,Black,Large,Circular,28.993297808189293,87.89159371198286,58.8309740632243,18,Summer
Early_Blight,Tomato,Medium,Dark_Brown,Medium,Concentric,27.756866191256076,80.68813931541015,38.46080449768689,6,Monsoon
Healthy,Tomato,None,Dark_Green,None,None,26.0,68.0,0.0,3,Monsoon
Leaf_Blight,Grape,Medium,Brown,Medium,Irregular,23.109286812793123,83.17339985846223,33.344472067694554,21,Monsoon
Late_Blight,Tomato,Severe,Gray_Black,Large,Irregular,18.389337742020682,99.12794049220015,69.13329248775648,7,Winter
Healthy,Wheat,None,Green,None,None,20.0,60.0,0.0,3,Monsoon
Healthy,Apple,None,Green,None,None,20.0,65.0,0.0,3,Monsoon
Early_Blight,Potato,Medium,Brown,Medium,Concentric,24.12638560323284,79.6324817976723,34.153829198137146,6,Monsoon
Apple_Scab,Apple,High,Dark_Brown,Large,Irregular,19.482262502298056,94.35981464933603,54.77419178309209,17,Winter
Cercospora_Leaf_Spot,Corn,High,Gray_Brown,Medium,Circular,27.707127573816912,85.31995248333578,48.2842665936284,14,Monsoon
Brown_Rust,Wheat,High,Orange,Small,Pustules,20.522852662671546,79.9499453732977,40.06068694472142,4,Monsoon
Healthy,Potato,None,Dark_Green,None,None,21.0,72.0,0.0,3,Monsoon
Healthy,Rice,None,Green,None,None,28.0,75.0,0.0,3,Monsoon
Black_Rot,Grape,Severe,Black,Large,Circular,29.741396352287623,83.26640446319209,59.67790753071707,18,Summer
Leaf_Blight,Grape,High,Dark_Brown,Large,Irregular,26.29555726569208,87.70032990288416,53.794339393292304,21,Monsoon
Brown_Rust,Wheat,Medium,Light_Brown,Small,Pustules,19.196205575720615,64.85750650470798,26.27094504959611,4,Winter
Healthy,Potato,None,Dark_Green,None,None,21.0,72.0,0.0,3,Monsoon
Cercospora_Leaf_Spot,Corn,High,Gray_Brown,Medium,Circular,27.32918048609886,87.73842600770976,47.69737477294373,14,Monsoon
Apple_Scab,Apple,High,Dark_Brown,Large,Irregular,20.17475650937236,87.7831764172676,51.61718433359336,17,Monsoon
Healthy,Apple,None,Dark_Green,None,None,21.0,68.0,0.0,3,Monsoon
Healthy,Apple,None,Dark_Green,None,None,21.0,68.0,0.0,3,Monsoon
Apple_Scab,Apple,High,Brown_Black,Medium,Irregular,18.0,85.0,45.0,17,Winter
Healthy,Grape,None,Green,None,None,26.0,70.0,0.0,3,Monsoon
Esca_Black_Measles,Grape,Severe,Brown_Black,Large,Irregular,32.11575749552873,73.7925532863228,62.02688918504896,20,Summer
Apple_Scab,Apple,High,Brown_Black,Medium,Irregular,16.916670452683647,89.12276945254627,46.89004392020857,17,Winter
Leaf_Blast,Rice,High,White_Gray,Large,Diamond,25.0,95.0,55.0,1,Monsoon
Yellow_Rust,Wheat,Medium,Yellow,Small,Stripes,17.42231403646067,73.74199327382087,36.27524748443682,5,Winter
Septoria_Leaf_Spot,Tomato,Medium,Brown,Small,Circular,24.660875651459726,80.94956012194645,38.48559266773573,10,Monsoon
Early_Blight,Potato,Medium,Brown,Medium,Concentric,24.0,80.0,35.0,6,Monsoon
Esca_Black_Measles,Grape,High,Yellow_Brown,Large,Irregular,28.224443643194345,79.00522840930388,49.882335034628596,20,Summer
Neck_Blast,Rice,Severe,Black,Large,Irregular,24.312205763513774,85.0949841304438,59.027413247481235,2,Monsoon
Brown_Rust,Wheat,Medium,Light_Brown,Small,Pustules,18.0,68.0,30.0,4,Winter
Late_Blight,Potato,Severe,Gray_Black,Large,Irregular,21.627671897286778,90.88319945629772,81.67215996395929,7,Monsoon
Late_Blight,Potato,Severe,Gray_Black,Large,Irregular,20.0,95.0,80.0,7,Monsoon
Target_Spot,Tomato,Medium,Brown,Medium,Target,26.56202431323746,80.31353049388466,29.438888141273516,11,Monsoon
Black_Rot,Apple,High,Brown,Large,Circular,22.10642080418741,80.07058719238151,47.31063954363907,18,Monsoon
Healthy,Tomato,None,Dark_Green,None,None,26.0,68.0,0.0,3,Monsoon
Healthy,Wheat,None,Green,None,None,20.0,60.0,0.0,3,Monsoon
Target_Spot,Tomato,Medium,Brown,Medium,Target,28.81960870390018,81.90366295547719,34.916340553071194,11,Summer
Cedar_Apple_Rust,Apple,Medium,Orange,Medium,Circular,24.471554042169497,74.51257886126267,31.49617418806955,19,Monsoon
Leaf_Blast,Rice,High,White_Gray,Large,Diamond,26.033490578844507,98.36661923742483,59.13248201664529,1,Monsoon
Common_Rust,Corn,High,Orange_Brown,Medium,Pustules,23.691244373254616,80.12658249730235,50.863227194786134,15,Monsoon
Early_Blight,Potato,Medium,Brown,Medium,Concentric,25.16595818519313,78.57488117013766,37.14922028142091,6,Monsoon
Late_Blight,Tomato,Severe,Gray_Black,Large,Irregular,16.625520663683247,96.84404655209168,68.44514861195131,7,Winter
Northern_Leaf_Blight,Corn,Severe,Gray,Large,Elongated,24.24900543105054,95.39091889757644,65.12373497274119,16,Monsoon
Healthy,Wheat,None,Green,None,None,20.0,60.0,0.0,3,Monsoon
Healthy,Apple,None,Dark_Green,None,None,21.0,68.0,0.0,3,Monsoon
Healthy,Wheat,None,Green,None,None,20.0,60.0,0.0,3,Monsoon
Healthy,Corn,None,Green,None,None,26.0,70.0,0.0,3,Monsoon
Late_Blight,Potato,Severe,Black,Large,Irregular,16.15698209105733,91.15695856748617,71.63435377233375,7,Winter
Healthy,Potato,None,Dark_Green,None,None,21.0,72.0,0.0,3,Monsoon
Yellow_Rust,Wheat,High,Yellow,Small,Stripes,15.037855256768465,77.76927731890686,54.01264700803164,5,Winter
Healthy,Grape,None,Dark_Green,None,None,25.0,68.0,0.0,3,Monsoon
Brown_Rust,Wheat,High,Brown_Orange,Small,Pustules,21.929193328699224,74.54665127428973,37.50660510193792,4,Monsoon
Yellow_Rust,Wheat,Medium,Yellow,Small,Stripes,18.485635153360754,78.84757621286899,30.730335228597774,5,Winter
Leaf_Mold,Tomato,Medium,Yellow,Medium,Fuzzy,23.04703739121013,88.6099688333788,33.01802177593565,9,Monsoon
Healthy,Potato,None,Green,None,None,22.0,70.0,0.0,3,Monsoon
Brown_Rust,Wheat,High,Brown_Orange,Small,Pustules,21.76273779962537,72.31318828917998,43.1079834803775,4,Monsoon
Late_Blight,Potato,Severe,Black,Large,Irregular,17.162396323852043,91.23009328702706,67.35037014946559,7,Winter
Healthy,Apple,None,Dark_Green,None,None,21.0,68.0,0.0,3,Monsoon
Healthy,Tomato,None,Dark_Green,None,None,26.0,68.0,0.0,3,Monsoon
Apple_Scab,Apple,High,Brown_Black,Medium,Irregular,16.12016085832131,86.2090016913824,43.61517092082313,17,Winter
Yellow_Rust,Wheat,High,Yellow,Small,Stripes,15.0,80.0,50.0,5,Winter
Early_Blight,Tomato,Medium,Brown,Medium,Concentric,23.46839497637096,82.3544270215459,25.38823292233395,6,Monsoon
Late_Blight,Tomato,Severe,Black,Large,Irregular,18.272154088144696,90.50901934758949,75.31434349622126,7,Winter
Late_Blight,Potato,Severe,Black,Large,Irregular,16.004431497524568,94.97684010931562,68.73428996603546,7,Winter
Leaf_Mold,Tomato,High,Olive_Green,Medium,Fuzzy,25.106766600610655,96.81929929730717,48.573942539598306,9,Monsoon
Leaf_Blight,Grape,High,Dark_Brown,Large,Irregular,26.26852302321651,87.03466526641407,49.33494495714464,21,Monsoon
Cercospora_Leaf_Spot,Corn,Medium,Gray,Small,Circular,29.84074761291155,82.67861628526067,32.91270591328075,14,Summer
Apple_Scab,Apple,High,Brown_Black,Medium,Irregular,16.893768460895433,86.3390624692597,49.57972889298345,17,Winter
Cedar_Apple_Rust,Apple,Medium,Orange_Yellow,Small,Circular,20.47150116266557,71.54523266733958,29.739889175302473,19,Monsoon
Healthy,Apple,None,Dark_Green,None,None,21.0,68.0,0.0,3,Monsoon
Common_Rust,Corn,Medium,Brown,Small,Pustules,22.236292873933262,77.84029473814383,36.07001495739298,15,Monsoon
Yellow_Rust,Wheat,High,Yellow,Small,Stripes,13.568693645826475,81.62300817714342,51.65562689536998,5,Winter
Cercospora_Leaf_Spot,Corn,High,Gray_Brown,Medium,Circular,27.09645000605056,85.85149122547404,43.94937896639472,14,Monsoon
Bacterial_Spot,Tomato,Medium,Brown_Yellow,Small,Circular,27.09749697551707,89.15165392928961,27.725926597924563,8,Monsoon
Late_Blight,Potato,High,Dark_Gray,Large,Irregular,18.29333641820722,93.51257564008844,63.020492785730845,7,Winter
Leaf_Blast,Rice,Medium,Gray,Medium,Diamond,27.108573735928285,86.04377562845217,36.26407604245812,1,Monsoon
Bacterial_Spot,Tomato,Medium,Brown_Yellow,Small,Circular,28.0,85.0,25.0,8,Monsoon
Yellow_Rust,Wheat,High,Bright_Yellow,Small,Stripes,16.0,85.0,55.0,5,Winter
Black_Rot,Grape,Severe,Black,Large,Circular,29.251331079898144,90.89911530878983,61.31284184745752,18,Summer
Healthy,Potato,None,Dark_Green,None,None,21.0,72.0,0.0,3,Monsoon
Northern_Leaf_Blight,Corn,Severe,Gray,Large,Elongated,24.423692020539796,91.68962173778608,70.406838801225,16,Monsoon
Cedar_Apple_Rust,Apple,Medium,Orange_Yellow,Small,Circular,22.536645696248726,74.05594508596982,34.41136862763946,19,Monsoon
Cercospora_Leaf_Spot,Corn,Medium,Gray,Small,Circular,28.0,85.0,30.0,14,Monsoon
Apple_Scab,Apple,High,Dark_Brown,Large,Irregular,18.756870896415425,87.23006445169537,53.443221816197095,17,Winter
Cercospora_Leaf_Spot,Corn,Medium,Gray,Small,Circular,29.59543999273419,85.64932576686965,27.806710064287675,14,Summer
Healthy,Tomato,None,Dark_Green,None,None,26.0,68.0,0.0,3,Monsoon
Black_Rot,Apple,Severe,Black,Large,Circular,26.62241503605444,87.4430037672922,62.0925516157812,18,Monsoon
Healthy,Corn,None,Dark_Green,None,None,25.0,68.0,0.0,3,Monsoon
Common_Rust,Corn,Medium,Brown,Small,Pustules,21.32833609201247,71.41843374708418,32.139821941074274,15,Monsoon
Brown_Rust,Wheat,Medium,Light_Brown,Small,Pustules,17.315145533957732,69.5882225350511,26.809926289088892,4,Winter
Early_Blight,Tomato,High,Brown,Large,Concentric,27.93922331679425,81.36566006147238,49.817754417056406,6,Monsoon
Common_Rust,Corn,Medium,Brown,Small,Pustules,23.008745875161633,72.36527041887226,39.95395290625524,15,Monsoon
Esca_Black_Measles,Grape,High,Yellow_Brown,Large,Irregular,28.88992548460646,77.54803755632997,51.437381590024074,20,Summer
Northern_Leaf_Blight,Corn,Severe,Gray,Large,Elongated,24.399523987068363,96.91033377260078,74.44664296957316,16,Monsoon
Cercospora_Leaf_Spot,Corn,Medium,Gray,Small,Circular,29.34970406063167,87.52136339534091,31.240828230485903,14,Summer
Early_Blight,Potato,High,Dark_Brown,Large,Concentric,26.0,85.0,50.0,6,Monsoon
Healthy,Wheat,None,Green,None,None,20.0,60.0,0.0,3,Monsoon
Black_Rot,Grape,Severe,Black,Large,Circular,28.0,88.0,60.0,18,Monsoon
Leaf_Mold,Tomato,Medium,Yellow,Medium,Fuzzy,24.0,90.0,30.0,9,Monsoon
Early_Blight,Potato,Medium,Brown,Medium,Concentric,23.580655838196982,80.80487979558418,34.64145213503408,6,Monsoon
Common_Rust,Corn,High,Orange_Brown,Medium,Pustules,23.849552761940604,80.09183981722488,53.83447656933569,15,Monsoon
Early_Blight,Tomato,Medium,Dark_Brown,Medium,Concentric,26.899900347785806,75.83990918299985,35.40147723296063,6,Monsoon
Early_Blight,Potato,High,Dark_Brown,Large,Concentric,26.862729260350008,81.73350084747544,45.52298881059012,6,Monsoon
Yellow_Rust,Wheat,High,Bright_Yellow,Small,Stripes,15.961206185739957,81.62736354538019,56.863667958632696,5,Winter
Late_Blight,Tomato,Severe,Gray_Black,Large,Irregular,19.07318353143886,98.72028709088887,65.68671998466405,7,Winter
Apple_Scab,Apple,High,Brown_Black,Medium,Irregular,18.382576637863153,86.26529499263228,45.17306719720303,17,Winter
Septoria_Leaf_Spot,Tomato,Medium,Brown,Small,Circular,26.191356439293543,83.36761069547421,36.41973094031221,10,Monsoon
Bacterial_Spot,Tomato,High,Dark_Brown,Small,Circular,30.480901761554705,87.63081276979055,37.250245661327256,8,Summer
Brown_Rust,Wheat,Medium,Light_Brown,Small,Pustules,16.760829527747962,69.7582578838426,28.605344971755184,4,Winter
Brown_Rust,Wheat,Medium,Light_Brown,Small,Pustules,19.94836042110045,72.32460224532475,34.53841321518667,4,Winter
Apple_Scab,Apple,High,Brown_Black,Medium,Irregular,18.65300998815787,82.16056715605025,40.5780791896437,17,Winter
Cercospora_Leaf_Spot,Corn,High,Gray_Brown,Medium,Circular,27.61921244737768,87.62391923815625,40.68386757465365,14,Monsoon
Common_Rust,Corn,Medium,Brown,Small,Pustules,23.2207999537337,70.31954278297847,33.969042552781154,15,Monsoon
Bacterial_Spot,Tomato,Medium,Brown_Yellow,Small,Circular,29.416972939379683,85.9053090005782,25.749480198672828,8,Summer
Black_Rot,Grape,High,Brown,Medium,Circular,24.898138260729695,80.12127139384538,43.56629463936518,18,Monsoon
Healthy,Corn,None,Green,None,None,26.0,70.0,0.0,3,Monsoon
Healthy,Potato,None,Green,None,None,22.0,70.0,0.0,3,Monsoon
Yellow_Rust,Wheat,High,Yellow,Small,Stripes,13.376712678314249,77.02018147146973,46.6179454395085,5,Winter
Healthy,Grape,None,Dark_Green,None,None,25.0,68.0,0.0,3,Monsoon
Healthy,Tomato,None,Green,None,None,25.0,70.0,0.0,3,Monsoon
Esca_Black_Measles,Grape,High,Yellow_Brown,Large,Irregular,30.766376637426678,70.10303159955129,54.245896933979886,20,Summer
Leaf_Blast,Rice,High,White_Gray,Large,Diamond,24.92837030299852,92.04796313067592,54.60292356102295,1,Monsoon
Brown_Rust,Wheat,High,Orange,Small,Pustules,21.929958057059157,76.20996539844103,42.823778878505316,4,Monsoon
Cedar_Apple_Rust,Apple,Medium,Orange_Yellow,Small,Circular,23.299105205170324,76.03081453877192,31.12670602858427,19,Monsoon
Northern_Leaf_Blight,Corn,Severe,Gray,Large,Elongated,24.269016928226353,89.53770460737222,74.3741052952153,16,Monsoon
Yellow_Rust,Wheat,High,Bright_Yellow,Small,Stripes,17.812181741832035,81.20386926109676,59.08637250258122,5,Winter
Leaf_Blight,Grape,High,Dark_Brown,Large,Irregular,27.0,85.0,50.0,21,Monsoon
Leaf_Blast,Rice,High,White_Gray,Large,Diamond,26.896015089707074,90.0409113304453,55.33136635484671,1,Monsoon
Early_Blight,Tomato,Medium,Dark_Brown,Medium,Concentric,25.015392012554337,75.54742947958492,35.8534115464252,6,Monsoon
Neck_Blast,Rice,Severe,Dark_Gray,Large,Irregular,25.0,93.0,65.0,2,Monsoon
Healthy,Tomato,None,Green,None,None,25.0,70.0,0.0,3,Monsoon
Healthy,Rice,None,Dark_Green,None,None,27.0,70.0,0.0,3,Monsoon
Leaf_Mold,Tomato,High,Olive_Green,Medium,Fuzzy,23.87638545054041,92.04306872151375,42.87660241467812,9,Monsoon
Early_Blight,Tomato,Medium,Brown,Medium,Concentric,25.844145202812953,80.18362124996001,32.46157444419476,6,Monsoon
Cedar_Apple_Rust,Apple,Medium,Orange,Medium,Circular,21.0113824144472,82.32566522573526,37.13440908496293,19,Monsoon
Healthy,Wheat,None,Green,None,None,21.0,65.0,0.0,3,Monsoon
Brown_Spot,Rice,Medium,Brown,Small,Circular,28.700566575443045,83.5978849917514,31.670600000922118,0,Summer
Leaf_Blast,Rice,High,Gray,Large,Diamond,24.341939065057254,88.90587564514057,50.24936971667113,1,Monsoon
Leaf_Blast,Rice,High,Gray,Large,Diamond,27.426012373630254,92.87312196024737,46.73087660592651,1,Monsoon
Early_Blight,Tomato,High,Brown,Large,Concentric,28.0,85.0,50.0,6,Monsoon
Yellow_Rust,Wheat,Medium,Yellow,Small,Stripes,15.108116375178511,73.84488083029697,30.471184992795013,5,Winter
Healthy,Apple,None,Dark_Green,None,None,21.0,68.0,0.0,3,Monsoon
Apple_Scab,Apple,High,Dark_Brown,Large,Irregular,21.939677964208375,88.03246055183686,52.47618112304119,17,Monsoon
Black_Rot,Apple,High,Brown,Large,Circular,23.756597292752367,82.99322262852567,52.90120136616814,18,Monsoon
Bacterial_Spot,Tomato,Medium,Brown_Yellow,Small,Circular,26.58207916397275,80.16255005155541,20.97081216366073,8,Monsoon
Esca_Black_Measles,Grape,High,Yellow_Brown,Large,Irregular,30.0,75.0,50.0,20,Summer
Brown_Rust,Wheat,High,Brown_Orange,Small,Pustules,19.801678682594762,70.28052844843907,38.24396197814454,4,Winter
Leaf_Blast,Rice,Medium,Gray,Medium,Diamond,25.203422278888432,86.4624978806383,33.232173472598035,1,Monsoon
Leaf_Mold,Tomato,Medium,Yellow,Medium,Fuzzy,24.301604947362737,85.87985295161316,29.103466410153324,9,Monsoon
Cedar_Apple_Rust,Apple,Medium,Orange_Yellow,Small,Circular,20.8239431642598,76.86009094464221,32.37821108518342,19,Monsoon
Healthy,Potato,None,Green,None,None,22.0,70.0,0.0,3,Monsoon
Cedar_Apple_Rust,Apple,Medium,Orange,Medium,Circular,24.329263476432864,76.02212845336875,32.01308406584283,19,Monsoon
Early_Blight,Tomato,High,Brown,Large,Concentric,26.91133544374172,86.68288770442904,52.3693449027085,6,Monsoon
Healthy,Apple,None,Dark_Green,None,None,21.0,68.0,0.0,3,Monsoon
Leaf_Blast,Rice,High,White_Gray,Large,Diamond,26.414360707057778,93.84752547074339,54.05062511050169,1,Monsoon
Esca_Black_Measles,Grape,High,Yellow_Brown,Large,Irregular,30.365119487115933,76.43442459019711,45.08222853654329,20,Summer
Healthy,Apple,None,Green,None,None,20.0,65.0,0.0,3,Monsoon
Late_Blight,Tomato,Severe,Black,Large,Irregular,20.3961671278987,93.1528014121419,75.65710937876347,7,Monsoon
Common_Rust,Corn,Medium,Brown,Small,Pustules,20.37910026085659,72.98248236819961,32.86991050951719,15,Monsoon
Mosaic_Virus,Tomato,Medium,Yellow_Green,None,Mosaic,28.157387188067187,76.90089613178093,39.22904959829174,13,Summer
Healthy,Potato,None,Dark_Green,None,None,21.0,72.0,0.0,3,Monsoon
Common_Rust,Corn,High,Orange_Brown,Medium,Pustules,24.421219462120643,79.87828142438477,45.17789256701884,15,Monsoon
Septoria_Leaf_Spot,Tomato,Medium,Brown,Small,Circular,25.60232668456282,82.49581534371775,39.27596814034793,10,Monsoon
Late_Blight,Tomato,High,Dark_Gray,Large,Irregular,17.17271670384592,92.58817251158266,59.87882631261618,7,Winter
Brown_Spot,Rice,Medium,Brown,Small,Circular,26.82161786826277,81.56319631530974,20.54922095217088,0,Monsoon
Septoria_Leaf_Spot,Tomato,Medium,Brown,Small,Circular,27.314596158841365,79.63312891207192,35.04867335654688,10,Monsoon
Esca_Black_Measles,Grape,Severe,Brown_Black,Large,Irregular,33.294433928461,82.00182434206668,64.75912468938719,20,Summer
Healthy,Corn,None,Dark_Green,None,None,25.0,68.0,0.0,3,Monsoon
Brown_Rust,Wheat,High,Orange,Small,Pustules,22.0,75.0,45.0,4,Monsoon
Bacterial_Spot,Tomato,High,Dark_Brown,Small,Circular,30.0,88.0,40.0,8,Summer
Apple_Scab,Apple,High,Dark_Brown,Large,Irregular,20.17865794382441,86.49724645149543,53.154136630319776,17,Monsoon
Esca_Black_Measles,Grape,High,Yellow_Brown,Large,Irregular,31.374223382218773,75.32693430252223,52.90917155218952,20,Summer
Late_Blight,Tomato,High,Dark_Gray,Large,Irregular,18.93208656196083,88.17184231178805,59.364301390422604,7,Winter
Healthy,Potato,None,Dark_Green,None,None,21.0,72.0,0.0,3,Monsoon
Early_Blight,Tomato,High,Brown,Large,Concentric,29.483034019487302,80.53230702891422,51.79508414526721,6,Summer
Brown_Rust,Wheat,High,Brown_Orange,Small,Pustules,18.410188397798976,66.60084146748608,35.19140250120604,4,Winter
Healthy,Tomato,None,Dark_Green,None,None,26.0,68.0,0.0,3,Monsoon
Late_Blight,Tomato,High,Dark_Gray,Large,Irregular,19.879867132001696,92.161511190465,57.203651931982,7,Winter
Neck_Blast,Rice,Severe,Black,Large,Irregular,23.831446463123736,86.89085408542654,59.50435966117527,2,Monsoon
Northern_Leaf_Blight,Corn,High,Gray_Green,Large,Elongated,24.861931518145667,94.6563264685033,53.42922846615111,16,Monsoon
Leaf_Blast,Rice,Medium,Gray,Medium,Diamond,28.934878127329043,86.86661841679864,31.734726959301923,1,Summer
Leaf_Blast,Rice,High,Gray,Large,Diamond,27.4543744795652,95.92003816701323,50.80343644705566,1,Monsoon
Northern_Leaf_Blight,Corn,Severe,Gray,Large,Elongated,24.036220020248205,92.9592326247958,73.38553138120693,16,Monsoon
Target_Spot,Tomato,Medium,Brown,Medium,Target,28.221814223377923,79.4335773378408,31.037993998852855,11,Summer
Late_Blight,Potato,Severe,Black,Large,Irregular,17.698866755730705,91.81677096368085,67.7788782572814,7,Winter
Late_Blight,Tomato,Severe,Gray_Black,Large,Irregular,19.87538024327698,97.05127580374598,74.32200400279525,7,Winter
Yellow_Rust,Wheat,High,Bright_Yellow,Small,Stripes,16.32941835227833,84.95866656968191,55.11186061301019,5,Winter
Leaf_Blast,Rice,High,Gray,Large,Diamond,26.0,92.0,50.0,1,Monsoon
Healthy,Grape,None,Green,None,None,26.0,70.0,0.0,3,Monsoon
Bacterial_Spot,Tomato,High,Dark_Brown,Small,Circular,31.754724298362344,89.15055789145562,38.53060677041633,8,Summer
Target_Spot,Tomato,Medium,Brown,Medium,Target,27.0,82.0,30.0,11,Monsoon
Cercospora_Leaf_Spot,Corn,High,Gray_Brown,Medium,Circular,27.34870379566121,84.58204093332706,40.60343501116371,14,Monsoon
Healthy,Tomato,None,Green,None,None,25.0,70.0,0.0,3,Monsoon
Northern_Leaf_Blight,Corn,Severe,Gray,Large,Elongated,24.24819302860191,90.05868146797836,66.01036589993434,16,Monsoon
Healthy,Wheat,None,Green,None,None,21.0,65.0,0.0,3,Monsoon
Common_Rust,Corn,Medium,Brown,Small,Pustules,22.008153412073558,74.19301373460802,30.880021994797367,15,Monsoon
Esca_Black_Measles,Grape,High,Yellow_Brown,Large,Irregular,28.706895148859953,78.44115509377767,54.44890510688996,20,Summer
Yellow_Rust,Wheat,Medium,Yellow,Small,Stripes,18.070257708557705,82.18959136238902,39.51438620583644,5,Winter
Neck_Blast,Rice,Severe,Black,Large,Irregular,22.564237002810092,90.3224700629511,55.808236513205664,2,Monsoon
Cedar_Apple_Rust,Apple,Medium,Orange_Yellow,Small,Circular,23.932252938366766,72.29298214505685,31.44611071262478,19,Monsoon
Yellow_Rust,Wheat,High,Bright_Yellow,Small,Stripes,17.94998926028837,88.00731975204042,56.67093860127008,5,Winter
Yellow_Rust,Wheat,High,Yellow,Small,Stripes,16.67602364815854,76.05312118421263,50.35935440019816,5,Winter
Healthy,Grape,None,Green,None,None,26.0,70.0,0.0,3,Monsoon
Brown_Spot,Rice,Medium,Brown,Small,Circular,30.114586751613363,87.7960392684809,28.2286512380791,0,Summer
Late_Blight,Potato,Severe,Black,Large,Irregular,16.557717789384004,90.2959518038585,68.68687276496347,7,Winter
Healthy,Potato,None,Green,None,None,22.0,70.0,0.0,3,Monsoon
Neck_Blast,Rice,Severe,Black,Large,Irregular,22.649498720297142,89.64708491042526,58.545101032791834,2,Monsoon
Healthy,Tomato,None,Dark_Green,None,None,26.0,68.0,0.0,3,Monsoon
Brown_Spot,Rice,Medium,Brown,Small,Circular,29.813436553020985,85.04983011711941,30.395212908925814,0,Summer
Healthy,Wheat,None,Green,None,None,21.0,65.0,0.0,3,Monsoon
Leaf_Blast,Rice,High,White_Gray,Large,Diamond,23.85147705536525,92.59090985085507,50.50432387187459,1,Monsoon
Healthy,Apple,None,Green,None,None,20.0,65.0,0.0,3,Monsoon
Cercospora_Leaf_Spot,Corn,High,Gray_Brown,Medium,Circular,27.0188302391491,92.1293494237949,49.14794706976869,14,Monsoon
Early_Blight,Tomato,Medium,Brown,Medium,Concentric,23.956199853933015,80.13380818336307,33.06971208274557,6,Monsoon
Esca_Black_Measles,Grape,High,Yellow_Brown,Large,Irregular,30.107077854050825,74.95745874483626,50.5966598710697,20,Summer
Late_Blight,Tomato,High,Dark_Gray,Large,Irregular,18.6295429155318,88.96667628016772,56.12661568221329,7,Winter
Northern_Leaf_Blight,Corn,Severe,Gray,Large,Elongated,25.484928657573555,93.38533336490366,65.20294025780832,16,Monsoon
Mosaic_Virus,Tomato,Medium,Yellow_Green,None,Mosaic,26.154015982935142,79.42540551515623,37.48075398799064,13,Monsoon
Leaf_Blast,Rice,Medium,Gray,Medium,Diamond,26.7286990086997,91.59983995955315,35.37539737296419,1,Monsoon
Esca_Black_Measles,Grape,High,Yellow_Brown,Large,Irregular,28.494357555006356,71.44124110961269,52.16996240279109,20,Summer
Late_Blight,Potato,High,Dark_Gray,Large,Irregular,20.603943899242534,87.72693481253296,66.13107044097922,7,Monsoon
Leaf_Mold,Tomato,Medium,Yellow,Medium,Fuzzy,24.088754423435425,87.5159198323418,32.27828199953005,9,Monsoon
Late_Blight,Tomato,Severe,Black,Large,Irregular,18.8953837094465,90.34820261325034,71.6051210162475,7,Winter
Late_Blight,Tomato,High,Dark_Gray,Large,Irregular,18.333505462581595,91.7681050283895,58.75787411538195,7,Winter
Healthy,Tomato,None,Dark_Green,None,None,26.0,68.0,0.0,3,Monsoon
Leaf_Blight,Grape,Medium,Brown,Medium,Irregular,26.50856057698704,79.6557311976317,38.132369918857144,21,Monsoon
Leaf_Blight,Grape,Medium,Brown,Medium,Irregular,25.0,80.0,35.0,21,Monsoon
Septoria_Leaf_Spot,Tomato,Medium,Brown,Small,Circular,26.0,80.0,35.0,10,Monsoon
Healthy,Grape,None,Dark_Green,None,None,25.0,68.0,0.0,3,Monsoon
Black_Rot,Apple,Severe,Black,Large,Circular,26.0,85.0,65.0,18,Monsoon
Black_Rot,Apple,High,Brown,Large,Circular,24.148767439698002,82.71068451853758,48.709226329977334,18,Monsoon
Healthy,Grape,None,Dark_Green,None,None,25.0,68.0,0.0,3,Monsoon
Target_Spot,Tomato,Medium,Brown,Medium,Target,25.30433743654162,81.18423337168741,26.069168723148035,11,Monsoon
Late_Blight,Tomato,Severe,Black,Large,Irregular,20.0,92.0,75.0,7,Monsoon
Healthy,Wheat,None,Green,None,None,21.0,65.0,0.0,3,Monsoon
Northern_Leaf_Blight,Corn,High,Gray_Green,Large,Elongated,25.970176522420978,89.22415219524328,57.546827055355074,16,Monsoon
Cedar_Apple_Rust,Apple,Medium,Orange_Yellow,Small,Circular,20.191433242802248,71.24895685115223,30.03098902193609,19,Monsoon
Brown_Rust,Wheat,High,Orange,Small,Pustules,22.088382204043498,75.94412958785706,42.769735613616014,4,Monsoon
Common_Rust,Corn,Medium,Brown,Small,Pustules,21.669620925258744,72.21952674599392,39.90769516356629,15,Monsoon
Brown_Spot,Rice,Medium,Brown,Small,Circular,28.019913036358204,86.71003375539522,24.005225452109237,0,Summer
Esca_Black_Measles,Grape,Severe,Brown_Black,Large,Irregular,30.049951662305318,81.50797679159142,63.39325308054538,20,Summer
Healthy,Rice,None,Dark_Green,None,None,27.0,70.0,0.0,3,Monsoon
Late_Blight,Tomato,Severe,Black,Large,Irregular,21.962815658441414,88.58991012178933,70.46480016864218,7,Monsoon
Leaf_Blast,Rice,High,Gray,Large,Diamond,25.212563025679607,89.87588881662467,52.873072776108195,1,Monsoon
Black_Rot,Grape,High,Brown,Medium,Circular,27.003561624041744,82.26226004344313,46.82580863266171,18,Monsoon
Healthy,Corn,None,Green,None,None,26.0,70.0,0.0,3,Monsoon
Black_Rot,Apple,High,Brown,Large,Circular,24.0,80.0,50.0,18,Monsoon
Cercospora_Leaf_Spot,Corn,Medium,Gray,Small,Circular,28.749508610614964,89.2188493561729,25.37567214693496,14,Summer
Brown_Rust,Wheat,High,Brown_Orange,Small,Pustules,18.79891093301967,65.02626667648953,38.761091756877654,4,Winter
Late_Blight,Potato,High,Dark_Gray,Large,Irregular,18.357927687814612,88.45742163480601,69.03529136518723,7,Winter
Healthy,Potato,None,Green,None,None,22.0,70.0,0.0,3,Monsoon
Leaf_Mold,Tomato,High,Olive_Green,Medium,Fuzzy,25.0,95.0,45.0,9,Monsoon
Brown_Spot,Rice,Medium,Brown,Small,Circular,29.613651209527184,89.30114295883945,31.825467727917157,0,Summer
Early_Blight,Potato,High,Dark_Brown,Large,Concentric,27.189701141185154,85.40358071813878,51.853151190545574,6,Monsoon
Common_Rust,Corn,Medium,Brown,Small,Pustules,20.880718758214908,76.2683117576531,34.51936975539477,15,Monsoon
Yellow_Leaf_Curl_Virus,Tomato,High,Yellow,None,Curled,32.5651348334483,68.59329993109907,51.43756147649519,12,Summer
Early_Blight,Tomato,Medium,Dark_Brown,Medium,Concentric,26.63790605766306,82.74264395243777,31.638743010157242,6,Monsoon
Healthy,Grape,None,Dark_Green,None,None,25.0,68.0,0.0,3,Monsoon
Cedar_Apple_Rust,Apple,Medium,Orange,Medium,Circular,23.838517703677088,73.99757817030813,39.18056367276937,19,Monsoon
Healthy,Grape,None,Green,None,None,26.0,70.0,0.0,3,Monsoon
Black_Rot,Grape,High,Brown,Medium,Circular,26.0,85.0,45.0,18,Monsoon
Leaf_Mold,Tomato,High,Olive_Green,Medium,Fuzzy,26.32961797168273,97.29227547064953,47.218185294370286,9,Monsoon
Early_Blight,Tomato,Medium,Brown,Medium,Concentric,23.892340327258843,79.30361075746134,34.122691903209855,6,Monsoon
Cedar_Apple_Rust,Apple,Medium,Orange_Yellow,Small,Circular,23.678191981701726,73.30402701073358,28.65170287600707,19,Monsoon
Black_Rot,Grape,High,Brown,Medium,Circular,24.0581719862718,89.46758720998861,49.55024692979198,18,Monsoon
Neck_Blast,Rice,Severe,Black,Large,Irregular,23.973128706224124,86.13307870925527,61.268961877915935,2,Monsoon
Cedar_Apple_Rust,Apple,Medium,Orange_Yellow,Small,Circular,20.95903072521319,75.72206966041298,33.08072577092056,19,Monsoon
Septoria_Leaf_Spot,Tomato,Medium,Brown,Small,Circular,27.26646669600499,80.36150304835543,37.46147065661922,10,Monsoon
Brown_Spot,Rice,High,Dark_Brown,Medium,Circular,31.688959334373603,92.6992637520548,46.00946184714602,0,Summer
Early_Blight,Potato,Medium,Brown,Medium,Concentric,23.160786812468118,83.71003167724467,34.70376886931402,6,Monsoon
Black_Rot,Apple,High,Brown,Large,Circular,25.261250218819757,82.98286448409041,54.078849436969826,18,Monsoon
Healthy,Wheat,None,Green,None,None,21.0,65.0,0.0,3,Monsoon
Mosaic_Virus,Tomato,Medium,Yellow_Green,None,Mosaic,28.0,75.0,40.0,13,Monsoon
Late_Blight,Tomato,Severe,Gray_Black,Large,Irregular,18.063567654307114,90.55347643710992,68.80288587250864,7,Winter
Common_Rust,Corn,Medium,Brown,Small,Pustules,20.777800966748384,71.86882449381959,37.43859263659383,15,Monsoon
Northern_Leaf_Blight,Corn,Severe,Gray,Large,Elongated,26.949175185450105,92.95133870080357,66.86574991289243,16,Monsoon
Healthy,Apple,None,Green,None,None,20.0,65.0,0.0,3,Monsoon
Late_Blight,Potato,High,Dark_Gray,Large,Irregular,18.47893321308221,89.93143763715719,68.48763375574077,7,Winter
Early_Blight,Potato,Medium,Brown,Medium,Concentric,25.355390079840245,82.74461015912095,33.09410708254908,6,Monsoon
Yellow_Rust,Wheat,High,Bright_Yellow,Small,Stripes,17.79327642828353,89.01149044655413,54.049642495484925,5,Winter
Brown_Rust,Wheat,High,Brown_Orange,Small,Pustules,19.42762970676772,66.9033686694642,38.19055568934637,4,Winter
Cercospora_Leaf_Spot,Corn,Medium,Gray,Small,Circular,26.718914523044024,81.16653169507944,31.809982257943,14,Monsoon
Healthy,Rice,None,Dark_Green,None,None,27.0,70.0,0.0,3,Monsoon
Black_Rot,Apple,High,Brown,Large,Circular,25.27994081487346,81.98228355697164,53.15184360369931,18,Monsoon
Late_Blight,Potato,Severe,Gray_Black,Large,Irregular,19.075209417495586,91.9639720846106,81.34355065485704,7,Winter
Late_Blight,Tomato,High,Dark_Gray,Large,Irregular,19.796246078655077,88.73764034195123,62.8576899218526,7,Winter
Black_Rot,Apple,Severe,Black,Large,Circular,27.572731545249805,84.38064005094843,61.04694703821099,18,Monsoon
Brown_Rust,Wheat,Medium,Light_Brown,Small,Pustules,18.685980186174234,64.20085312590592,32.712114972348225,4,Winter
Brown_Spot,Rice,High,Dark_Brown,Medium,Circular,28.96628249011807,91.53278116714489,44.25491429643165,0,Summer
Neck_Blast,Rice,Severe,Dark_Gray,Large,Irregular,25.22675830619842,96.06728744796685,61.93378422441747,2,Monsoon
Brown_Rust,Wheat,High,Orange,Small,Pustules,21.62774364154267,75.40980525479772,44.728449198714365,4,Monsoon
Yellow_Leaf_Curl_Virus,Tomato,High,Yellow,None,Curled,32.0,70.0,50.0,12,Summer
Healthy,Corn,None,Dark_Green,None,None,25.0,68.0,0.0,3,Monsoon
Brown_Rust,Wheat,High,Orange,Small,Pustules,20.84381146920604,78.80355112389456,47.621718997768724,4,Monsoon
